{
  "d4_h2_mlp64": [
    0.5878454524502158,
    0.5201314690336585,
    0.518886932760477,
    0.5183382494151593,
    0.5180004183351994
  ],
  "d4_h2_mlp128": [
    0.7219991214573384,
    0.5253816172406077,
    0.5218283394128084,
    0.5201917078420519,
    0.5193827648311854
  ],
  "d4_h4_mlp64": [
    0.5972752612903715,
    0.5224327840656042,
    0.5202769415788352,
    0.5193705099895597,
    0.5187498794496059
  ],
  "d4_h4_mlp128": [
    0.6161629611626267,
    0.5214164655283093,
    0.5194455977007747,
    0.518750406846404,
    0.518385173805058
  ],
  "d8_h2_mlp64": [
    0.5803101502507925,
    0.5201968979686499,
    0.5191753290817142,
    0.5185120727568865,
    0.5181041498333215
  ],
  "d8_h2_mlp128": [
    0.5547004435136914,
    0.5206414301469922,
    0.5196341720223426,
    0.5189553597271442,
    0.5185100439041853
  ],
  "d8_h4_mlp64": [
    0.5698846358731389,
    0.5202259582728147,
    0.5192459736093878,
    0.518659586429596,
    0.5182801404111087
  ],
  "d8_h4_mlp128": [
    0.5489262801110745,
    0.5199180649891496,
    0.519036889873445,
    0.5185212866291404,
    0.518188650276512
  ],
  "d8_h8_mlp64": [
    0.5642326499447227,
    0.5193280156627298,
    0.5184565169289708,
    0.5179784824848175,
    0.51766327528283
  ],
  "d8_h8_mlp128": [
    0.5452585968598723,
    0.5191024008877575,
    0.5184768756255508,
    0.5181743463613093,
    0.5179719086848199
  ],
  "d16_h2_mlp64": [
    0.5519956568032504,
    0.5195634607747197,
    0.5186393014863133,
    0.5181217019073665,
    0.5178324716091156
  ],
  "d16_h2_mlp128": [
    0.5652174467667938,
    0.5196890467256308,
    0.5189043154343963,
    0.5182654197849333,
    0.517909949414432
  ],
  "d16_h4_mlp64": [
    0.5506131990626454,
    0.5192714013084769,
    0.518377147834748,
    0.5178720823526383,
    0.517628903735429
  ],
  "d16_h4_mlp128": [
    0.5487266588211059,
    0.519388954885304,
    0.5184454506635666,
    0.5180572412870824,
    0.5178431470096111
  ],
  "d16_h8_mlp64": [
    0.554153227224946,
    0.5199930178746581,
    0.5194024491980672,
    0.5186157018840313,
    0.5179868464507162
  ],
  "d16_h8_mlp128": [
    0.540859568297863,
    0.5191849188655615,
    0.5183576427139341,
    0.5179739606194198,
    0.517747103922069
  ]
}