{
  "d4_h2_mlp64": [
    0.6175341411232949,
    0.5414537667110563,
    0.5444441504999995,
    0.5291348315104842,
    0.5291783876121045
  ],
  "d4_h2_mlp128": [
    0.566276400744915,
    0.5247104635387659,
    0.5413730021715164,
    0.5364474290981889,
    0.5257180780619383
  ],
  "d4_h4_mlp64": [
    0.5860670098885894,
    0.535113677404821,
    0.5379238101616501,
    0.5222506276741624,
    0.5408014727830887
  ],
  "d4_h4_mlp128": [
    0.644017958752811,
    0.5450687602683901,
    0.5476257534772158,
    0.5299636242315173,
    0.5305290962159633
  ],
  "d8_h2_mlp64": [
    0.5647666265666484,
    0.5371560528427363,
    0.5434129933267832,
    0.5297025866433978,
    0.5292851283997297
  ],
  "d8_h2_mlp128": [
    0.5512301148623228,
    0.5314268439337612,
    0.5367033562734723,
    0.5243909145966172,
    0.5295666130632162
  ],
  "d8_h4_mlp64": [
    0.5867103719264268,
    0.5411111967861653,
    0.5236710716187954,
    0.5407946013137698,
    0.5233217665031552
  ],
  "d8_h4_mlp128": [
    0.5496315161585807,
    0.5289204928800464,
    0.5366082974895835,
    0.5314895203560591,
    0.5299212205931544
  ],
  "d8_h8_mlp64": [
    0.552501750305295,
    0.5220485820323228,
    0.5275040330290794,
    0.5311517951563001,
    0.5364744960516691
  ],
  "d8_h8_mlp128": [
    0.5449283194839954,
    0.532220060005784,
    0.5312610182613134,
    0.5406583542600274,
    0.5339552739821375
  ],
  "d16_h2_mlp64": [
    0.5592841095104814,
    0.5391432503089308,
    0.5260247117206455,
    0.5319120028167963,
    0.5226768293902277
  ],
  "d16_h2_mlp128": [
    0.5614084285572172,
    0.5324191181883215,
    0.5281415332704783,
    0.5333343992456794,
    0.5393549048900604
  ],
  "d16_h4_mlp64": [
    0.5489698920622468,
    0.5351064321473241,
    0.5178819368258119,
    0.5260068731084466,
    0.5268610704019666
  ],
  "d16_h4_mlp128": [
    0.5449854182749987,
    0.5290156566947699,
    0.5247608241960406,
    0.5215509609431028,
    0.5322695725113153
  ],
  "d16_h8_mlp64": [
    0.5503798208236694,
    0.5332581272870303,
    0.5319134915992617,
    0.5332131022587419,
    0.5212678490765392
  ],
  "d16_h8_mlp128": [
    0.5400899236500263,
    0.5423704156503081,
    0.5309235072359443,
    0.5306144977882504,
    0.5393148169256746
  ]
}